text,data,bss,dec,hex,filename
36866,1028,679,38573,96ad,ADSB_Receive
17178,540,605,18323,4793,AFSK_External_Radio
33934,842,589,35365,8a25,AFSK_Imperial_March
33660,498,589,34747,87bb,AFSK_Tone
33816,498,589,34903,8857,AFSK_Tone_AM
39128,548,632,40308,9d74,APRS_MicE
39898,646,632,41176,a0d8,APRS_Position
38556,580,602,39738,9b3a,APRS_Position_LoRa
36464,560,607,37631,92ff,AX25_Frames
35836,522,607,36965,9065,AX25_Transmit
36658,540,613,37811,93b3,AX25_Transmit_AFSK
36438,568,612,37618,92f2,BellModem_Transmit
23364,452,571,24387,5f43,CC1101_Receive_Address
23242,452,571,24265,5ec9,CC1101_Receive_Blocking
23332,452,572,24356,5f24,CC1101_Receive_Interrupt
23354,576,916,24846,610e,CC1101_Settings
22092,452,571,23115,5a4b,CC1101_Transmit_Address
22982,454,573,24009,5dc9,CC1101_Transmit_Blocking
23086,468,576,24130,5e42,CC1101_Transmit_Interrupt
34656,544,639,35839,8bff,FSK4_Transmit
34692,544,645,35881,8c29,FSK4_Transmit_AFSK
36794,544,605,37943,9437,Hellschreiber_Transmit
36906,560,611,38077,94bd,Hellschreiber_Transmit_AFSK
29104,716,619,30439,76e7,LR11x0_Channel_Activity_Detection_Blocking
29340,716,620,30676,77d4,LR11x0_Channel_Activity_Detection_Interrupt
30730,554,619,31903,7c9f,LR11x0_GFSK_Modem
29798,702,684,31184,79d0,LR11x0_GNSS_Almanac_Update
30818,720,634,32172,7dac,LR11x0_GNSS_Autonomous_Position
30682,712,623,32017,7d11,LR11x0_GNSS_Satellites
29108,544,619,30271,763f,LR11x0_LR_FHSS_Modem
30762,742,623,32127,7d7f,LR11x0_PingPong
30604,728,619,31951,7ccf,LR11x0_Receive_Blocking
30680,728,620,32028,7d1c,LR11x0_Receive_Interrupt
30166,732,621,31519,7b1f,LR11x0_Transmit_Blocking
30240,744,624,31608,7b78,LR11x0_Transmit_Interrupt
32300,750,619,33669,8385,LR11x0_WiFi_Scan_Blocking
32436,750,620,33806,840e,LR11x0_WiFi_Scan_Interrupt
31018,672,625,32315,7e3b,LR2021_Channel_Activity_Detection_Blocking
31248,672,626,32546,7f22,LR2021_Channel_Activity_Detection_Interrupt
33238,698,625,34561,8701,LR2021_GFSK_Modem
31228,682,625,32535,7f17,LR2021_LR_FHSS_Modem
32878,696,629,34203,859b,LR2021_PingPong
32736,684,625,34045,84fd,LR2021_Receive_Blocking
32800,684,626,34110,853e,LR2021_Receive_Interrupt
33296,696,626,34618,873a,LR2021_Receive_MultiSF
32068,686,627,33381,8265,LR2021_Transmit_Blocking
32124,700,630,33454,82ae,LR2021_Transmit_Interrupt
64694,2050,2403,69147,10e1b,LoRaWAN_ABP
71394,2380,2461,76235,129cb,LoRaWAN_Class_C
71752,2378,2463,76593,12b31,LoRaWAN_Multicast
68700,1274,2968,72942,11cee,LoRaWAN_Package_Manager
67288,2082,2401,71771,1185b,LoRaWAN_Reference
64722,2050,2401,69173,10e35,LoRaWAN_Starter
35992,508,642,37142,9116,Morse_Receive_AM
37012,536,640,38188,952c,Morse_Transmit_AM
36850,536,640,38026,948a,Morse_Transmit_FM
36814,536,634,37984,9460,Morse_Transmit_SSB
39878,510,645,41033,a049,Pager_Receive
39976,528,643,41147,a0bb,Pager_Transmit
35302,518,583,36403,8e33,PhysicalLayer_Interface
20900,400,574,21874,5572,RF69_Receive_AES
20796,400,574,21770,550a,RF69_Receive_Address
20786,400,574,21760,5500,RF69_Receive_Blocking
20806,400,575,21781,5515,RF69_Receive_Interrupt
22210,536,922,23668,5c74,RF69_Settings
20430,400,574,21404,539c,RF69_Transmit_AES
20368,400,574,21342,535e,RF69_Transmit_Address
21006,400,574,21980,55dc,RF69_Transmit_Blocking
20994,400,575,21969,55d1,RF69_Transmit_Interrupt
36924,534,613,38071,94b7,RTTY_Transmit
36960,534,619,38113,94e1,RTTY_Transmit_AFSK
35644,1858,675,38177,9521,SSTV_Transmit
35702,1858,681,38241,9561,SSTV_Transmit_AFSK
21766,422,575,22763,58eb,SX123x_Receive_Blocking
21816,438,577,22831,592f,SX123x_Transmit_Blocking
38866,800,639,40305,9d71,SX126x_Channel_Activity_Detection_Blocking
39092,800,640,40532,9e54,SX126x_Channel_Activity_Detection_Interrupt
40998,812,641,42451,a5d3,SX126x_Channel_Activity_Detection_Receive
40230,826,639,41695,a2df,SX126x_FSK_Modem
39894,808,641,41343,a17f,SX126x_LR_FHSS_Transmit_Blocking
39968,822,644,41434,a1da,SX126x_LR_FHSS_Transmit_Interrupt
40442,824,643,41909,a3b5,SX126x_PingPong
40556,812,639,42007,a417,SX126x_Receive_Blocking
40634,812,640,42086,a466,SX126x_Receive_Interrupt
41710,1116,1052,43878,ab66,SX126x_Settings
41184,816,639,42639,a68f,SX126x_Spectrum_Scan
41640,834,639,43113,a869,SX126x_Spectrum_Scan_Frequency
39894,814,641,41349,a185,SX126x_Transmit_Blocking
39972,828,644,41444,a1e4,SX126x_Transmit_Interrupt
33274,494,583,34351,862f,SX127x_Channel_Activity_Detection_Blocking
33630,494,585,34709,8795,SX127x_Channel_Activity_Detection_Interrupt
35636,506,586,36728,8f78,SX127x_Channel_Activity_Detection_Receive
35348,520,583,36451,8e63,SX127x_FSK_Modem
34942,518,587,36047,8ccf,SX127x_PingPong
35170,506,583,36259,8da3,SX127x_Receive_Blocking
33366,540,583,34489,86b9,SX127x_Receive_Direct
34864,518,587,35969,8c81,SX127x_Receive_FHSS
35262,506,584,36352,8e00,SX127x_Receive_Interrupt
39048,742,940,40730,9f1a,SX127x_Settings
34384,508,585,35477,8a95,SX127x_Transmit_Blocking
35406,738,597,36741,8f85,SX127x_Transmit_FHSS
34462,522,588,35572,8af4,SX127x_Transmit_Interrupt
27230,436,594,28260,6e64,SX128x_BLE_Modem
26004,436,594,27034,699a,SX128x_Channel_Activity_Detection_Blocking
26234,436,595,27265,6a81,SX128x_Channel_Activity_Detection_Interrupt
27264,444,594,28302,6e8e,SX128x_FLRC_Modem
27258,460,594,28312,6e98,SX128x_GFSK_Modem
27482,484,594,28560,6f90,SX128x_Ranging
27732,448,594,28774,7066,SX128x_Receive_Blocking
27822,448,595,28865,70c1,SX128x_Receive_Interrupt
27452,680,962,29094,71a6,SX128x_Settings
27006,452,596,28054,6d96,SX128x_Transmit_Blocking
27114,464,599,28177,6e11,SX128x_Transmit_Interrupt
24104,422,569,25095,6207,Si443x_Receive_Blocking
24184,422,570,25176,6258,Si443x_Receive_Interrupt
24518,544,912,25974,6576,Si443x_Settings
24280,438,571,25289,62c9,Si443x_Transmit_Blocking
24356,450,574,25380,6324,Si443x_Transmit_Interrupt
33938,498,1099,35535,8acf,Stream_Receive
34380,1012,597,35989,8c95,Stream_Transmit
17546,404,558,18508,484c,nRF24_Receive_Blocking
17638,404,559,18601,48a9,nRF24_Receive_Interrupt
17870,420,560,18850,49a2,nRF24_Transmit_Blocking
17944,432,563,18939,49fb,nRF24_Transmit_Interrupt
